49208e22-c6c6-498f-8e9a-28e5ede70fb1,1
e07d1f18-2669-4744-922d-3a08c5a40b22,1
4873c0d7-eb97-4dd0-94b7-380fcd32b06b,1
ad098eb4-3f6b-4fb4-902a-6eb6c28fd63e,1
e9bda902-bef8-480a-9934-97c0f4ac9b91,1
898b8170-cfbe-4f16-acb8-94a0fa24cedf,2
30c5ade1-b278-48b4-9853-e79f9cfd2f1a,2
f3da4231-996a-4a5a-a436-d2cb9c00ee06,2
8adebf30-19a2-4bbc-bc5e-f4434c152fd2,2
647424eb-2ccf-489b-b6d2-35992d79f50e,2
27360cf8-b5b5-408c-a271-f2f3133c12f9,3
50a64191-b1e4-4016-aa43-06cfce7abc2f,3
3b161296-23e2-46c6-8a0b-af0a04297da0,3
a43c3157-5612-4985-a147-75d2d0893ae6,3
fcd8f231-a72f-491f-b30d-598fa45199d0,3
8c5661f2-b36d-450e-a1b7-a5aad6e9760b,3
e24d24d3-b6cf-49f5-ba15-ad23cebb951c,3
137f4294-577f-45ee-9eea-07c9da4b985f,3
88f82e57-bbc1-4fac-811d-5afadbdf3e8b,3
8f4fe9ac-628d-43eb-8037-bdbe3c79632f,3
dbdfd0e8-02bf-4a60-9000-b9aa94712c3e,8
f47f114c-8203-4ac3-9043-fee6aadcf74b,8
8aca4100-a53d-4e09-b259-2297f2a0e6c1,5
e5adc44d-65ee-4300-96ff-9448a1c54511,5
